{
  "classesInSubtitle": "类",
  "structsInSubtitle": "结构",
  "interfacesInSubtitle": "接口",
  "enumsInSubtitle": "枚举",
  "delegatesInSubtitle": "委托",
  "constructorsInSubtitle": "构造函数",
  "fieldsInSubtitle": "字段",
  "propertiesInSubtitle": "属性",
  "methodsInSubtitle": "方法",
  "eventsInSubtitle": "事件",
  "operatorsInSubtitle": "运算符",
  "eiisInSubtitle": "显示接口实现",
  "improveThisDoc": "编辑本文",
  "viewSource": "查看源代码",
  "inheritance": "继承",
  "inheritedMembers": "继承成员",
  "namespace": "命名空间",
  "assembly": "程序集",
  "syntax": "语法",
  "overrides": "重写",
  "implements": "实现",
  "remarks": "备注",
  "examples": "示例",
  "seealso": "请参阅",
  "declaration": "声明",
  "parameters": "参数",
  "typeParameters": "类型参数",
  "type": "类型",
  "name": "名称",
  "description": "描述",
  "returns": "返回",
  "fieldValue": "字段值",
  "propertyValue": "属性值",
  "eventType": "事件类型",
  "exceptions": "异常",
  "condition": "条件",
  "extensionMethods": "扩展方法",
  "note": "注意",
  "warning": "警告",
  "tip": "提示",
  "important": "重要事项",
  "caution": "小心",
  "tocToggleButton": "显示/隐藏目录",
  "tocFilter": "按标题筛选",
  "search": "搜索",
  "searchResults": "搜索结果",
  "searchResultsCount": "找到{count}个“{query}”的搜索结果",
  "searchNoResults": "没有找到“{query}”的搜索结果",
  "pageFirst": "首页",
  "pagePrev": "上一页",
  "pageNext": "下一页",
  "pageLast": "尾页",
  "inThisArticle": "本文内容",
  "nextArticle": "下一篇",
  "prevArticle": "上一篇",
  "themeLight": "白天",
  "themeDark": "夜晚",
  "themeAuto": "自动",
  "changeTheme": "切换主题",
  "copy": "复制",
  "downloadPdf": "下载 PDF"
}
