{
  "namespacesInSubtitle": "Namespaces",
  "classesInSubtitle": "Classes",
  "structsInSubtitle": "Structs",
  "interfacesInSubtitle": "Interfaces",
  "enumsInSubtitle": "Enums",
  "delegatesInSubtitle": "Delegates",
  "constructorsInSubtitle": "Constructors",
  "fieldsInSubtitle": "Fields",
  "propertiesInSubtitle": "Properties",
  "methodsInSubtitle": "Methods",
  "eventsInSubtitle": "Events",
  "operatorsInSubtitle": "Operators",
  "eiisInSubtitle": "Explicit Interface Implementations",
  "functionsInSubtitle": "Functions",
  "variablesInSubtitle": "Variables",
  "typeAliasesInSubtitle": "Type Aliases",
  "membersInSubtitle": "Members",
  "improveThisDoc": "Edit this page",
  "viewSource": "View Source",
  "inheritance": "Inheritance",
  "derived": "Derived",
  "inheritedMembers": "Inherited Members",
  "package": "Package",
  "namespace": "Namespace",
  "assembly": "Assembly",
  "syntax": "Syntax",
  "overrides": "Overrides",
  "implements": "Implements",
  "remarks": "Remarks",
  "examples": "Examples",
  "seealso": "See Also",
  "declaration": "Declaration",
  "parameters": "Parameters",
  "typeParameters": "Type Parameters",
  "type": "Type",
  "name": "Name",
  "description": "Description",
  "returns": "Returns",
  "fieldValue": "Field Value",
  "propertyValue": "Property Value",
  "eventType": "Event Type",
  "variableValue": "Variable Value",
  "typeAliasType": "Type Alias Type",
  "exceptions": "Exceptions",
  "condition": "Condition",
  "extensionMethods": "Extension Methods",
  "note": "Note",
  "warning": "Warning",
  "tip": "Tip",
  "important": "Important",
  "caution": "Caution",
  "tocToggleButton": "Show / Hide Table of Contents",
  "tocFilter": "Filter by title",
  "search": "Search",
  "searchResults": "Search Results for",
  "searchResultsCount": "{count} results for \"{query}\"",
  "searchNoResults": "No results for \"{query}\"",
  "pageFirst": "First",
  "pagePrev": "Previous",
  "pageNext": "Next",
  "pageLast": "Last",
  "inThisArticle": "In this article",
  "nextArticle": "Next",
  "prevArticle": "Previous",
  "backToTop": "Back to top",
  "themeLight": "Light",
  "themeDark": "Dark",
  "themeAuto": "Auto",
  "changeTheme": "Change theme",
  "copy": "Copy",
  "downloadPdf": "Download PDF"
}
